                  epoch,         train/box_loss,         train/cls_loss,         train/dfl_loss,   metrics/precision(B),      metrics/recall(B),       metrics/mAP50(B),    metrics/mAP50-95(B),           val/box_loss,           val/cls_loss,           val/dfl_loss,                 lr/pg0,                 lr/pg1,                 lr/pg2
                      1,                0.90589,                0.93945,                 1.2661,                0.53416,                0.52018,                0.52096,                0.33201,                 1.2851,                 1.7187,                  1.714,             0.00020826,             0.00020826,             0.00020826
                      2,                0.88335,                 0.8507,                 1.2582,                0.67029,                 0.5815,                0.62426,                0.41681,                 1.2025,                 1.4827,                 1.6661,             0.00033411,             0.00033411,             0.00033411
                      3,                0.82196,                0.73479,                 1.2165,                 0.7258,                0.59889,                0.67114,                0.47045,                 1.1103,                 1.3301,                 1.5531,             0.00037746,             0.00037746,             0.00037746
                      4,                0.74925,                0.61437,                 1.1678,                0.74617,                0.68318,                0.74908,                0.54113,                 1.0459,                  1.208,                 1.5213,             0.00025375,             0.00025375,             0.00025375
                      5,                0.67422,                0.50653,                 1.1192,                 0.7673,                0.70039,                0.77621,                0.59163,                0.94654,                 1.0061,                 1.4014,                0.00013,                0.00013,                0.00013
